[{"pos_x": 204.16, "pos_y": -91.09, "rotation": 0.0, "side": "top", "designator": "Control_3", "mpn": null, "pack": "SW_Hotswap_Kailh_MX", "value": "SW_Push", "mount_type": "smt", "place": true}, {"pos_x": 204.16, "pos_y": -56.8, "rotation": 0.0, "side": "top", "designator": "Control_1", "mpn": null, "pack": "SW_Hotswap_Kailh_MX", "value": "SW_Push", "mount_type": "smt", "place": true}, {"pos_x": 133.04, "pos_y": -108.235, "rotation": 0.0, "side": "top", "designator": "Ring_4", "mpn": null, "pack": "SW_Hotswap_Kailh_MX", "value": "SW_Push", "mount_type": "smt", "place": true}, {"pos_x": 115.26, "pos_y": -108.235, "rotation": 0.0, "side": "top", "designator": "Little_4", "mpn": null, "pack": "SW_Hotswap_Kailh_MX", "value": "SW_Push", "mount_type": "smt", "place": true}, {"pos_x": 186.38, "pos_y": -56.8, "rotation": 0.0, "side": "top", "designator": "Thumb_1", "mpn": null, "pack": "SW_Hotswap_Kailh_MX", "value": "SW_Push", "mount_type": "smt", "place": true}, {"pos_x": 150.82, "pos_y": -52.665, "rotation": 0.0, "side": "top", "designator": "Middle_1", "mpn": null, "pack": "SW_Hotswap_Kailh_MX", "value": "SW_Push", "mount_type": "smt", "place": true}, {"pos_x": 150.82, "pos_y": -69.5, "rotation": 0.0, "side": "top", "designator": "Middle_2", "mpn": null, "pack": "SW_Hotswap_Kailh_MX", "value": "SW_Push", "mount_type": "smt", "place": true}, {"pos_x": 133.04, "pos_y": -73.945, "rotation": 0.0, "side": "top", "designator": "Ring_2", "mpn": null, "pack": "SW_Hotswap_Kailh_MX", "value": "SW_Push", "mount_type": "smt", "place": true}, {"pos_x": 115.26, "pos_y": -56.8, "rotation": 0.0, "side": "top", "designator": "Little_1", "mpn": null, "pack": "SW_Hotswap_Kailh_MX", "value": "SW_Push", "mount_type": "smt", "place": true}, {"pos_x": 123.8, "pos_y": -51.24, "rotation": 0.0, "side": "top", "designator": "Brd1", "mpn": null, "pack": "128x64OLED", "value": "SSD1306", "mount_type": "tht", "place": true}, {"pos_x": 204.16, "pos_y": -73.945, "rotation": 0.0, "side": "top", "designator": "Control_2", "mpn": null, "pack": "SW_Hotswap_Kailh_MX", "value": "SW_Push", "mount_type": "smt", "place": true}, {"pos_x": 168.6, "pos_y": -52.665, "rotation": 0.0, "side": "top", "designator": "Index_1", "mpn": null, "pack": "SW_Hotswap_Kailh_MX", "value": "SW_Push", "mount_type": "smt", "place": true}, {"pos_x": 186.38, "pos_y": -91.09, "rotation": 0.0, "side": "top", "designator": "Thumb_3", "mpn": null, "pack": "SW_Hotswap_Kailh_MX", "value": "SW_Push", "mount_type": "smt", "place": true}, {"pos_x": 186.38, "pos_y": -108.235, "rotation": 0.0, "side": "top", "designator": "Thumb_4", "mpn": null, "pack": "SW_Hotswap_Kailh_MX", "value": "SW_Push", "mount_type": "smt", "place": true}, {"pos_x": 186.38, "pos_y": -73.945, "rotation": 0.0, "side": "top", "designator": "Thumb_2", "mpn": null, "pack": "SW_Hotswap_Kailh_MX", "value": "SW_Push", "mount_type": "smt", "place": true}, {"pos_x": 186.38, "pos_y": -125.38, "rotation": 0.0, "side": "top", "designator": "Thumb_5", "mpn": null, "pack": "SW_Hotswap_Kailh_MX", "value": "SW_Push", "mount_type": "smt", "place": true}, {"pos_x": 204.16, "pos_y": -108.235, "rotation": 0.0, "side": "top", "designator": "Control_4", "mpn": null, "pack": "SW_Hotswap_Kailh_MX", "value": "SW_Push", "mount_type": "smt", "place": true}, {"pos_x": 115.26, "pos_y": -91.09, "rotation": 0.0, "side": "top", "designator": "Little_3", "mpn": null, "pack": "SW_Hotswap_Kailh_MX", "value": "SW_Push", "mount_type": "smt", "place": true}, {"pos_x": 160.02, "pos_y": -109.22, "rotation": 180.0, "side": "top", "designator": "A1", "mpn": null, "pack": "Pico_W", "value": "SC0918", "mount_type": "tht", "place": true}, {"pos_x": 195.2, "pos_y": -51.24, "rotation": 0.0, "side": "top", "designator": "Brd2", "mpn": null, "pack": "128x64OLED", "value": "SSD1306", "mount_type": "tht", "place": true}, {"pos_x": 204.16, "pos_y": -125.38, "rotation": 0.0, "side": "top", "designator": "Control_5", "mpn": null, "pack": "SW_Hotswap_Kailh_MX", "value": "SW_Push", "mount_type": "smt", "place": true}, {"pos_x": 115.26, "pos_y": -73.945, "rotation": 0.0, "side": "top", "designator": "Little_2", "mpn": null, "pack": "SW_Hotswap_Kailh_MX", "value": "SW_Push", "mount_type": "smt", "place": true}, {"pos_x": 133.04, "pos_y": -56.8, "rotation": 0.0, "side": "top", "designator": "Ring_1", "mpn": null, "pack": "SW_Hotswap_Kailh_MX", "value": "SW_Push", "mount_type": "smt", "place": true}, {"pos_x": 115.26, "pos_y": -125.38, "rotation": 0.0, "side": "top", "designator": "Little_5", "mpn": null, "pack": "SW_Hotswap_Kailh_MX", "value": "SW_Push", "mount_type": "smt", "place": true}, {"pos_x": 133.04, "pos_y": -125.38, "rotation": 0.0, "side": "top", "designator": "Ring_5", "mpn": null, "pack": "SW_Hotswap_Kailh_MX", "value": "SW_Push", "mount_type": "smt", "place": true}, {"pos_x": 168.6, "pos_y": -69.5, "rotation": 0.0, "side": "top", "designator": "Index_2", "mpn": null, "pack": "SW_Hotswap_Kailh_MX", "value": "SW_Push", "mount_type": "smt", "place": true}, {"pos_x": 133.04, "pos_y": -91.09, "rotation": 0.0, "side": "top", "designator": "Ring_3", "mpn": null, "pack": "SW_Hotswap_Kailh_MX", "value": "SW_Push", "mount_type": "smt", "place": true}]